phenotype,t_stat,p_value
Phenotype_A,193.62362064946896,0.0
Phenotype_B,109.15172810339051,0.0
Phenotype_C,-224.23084166430104,0.0
Phenotype_D,37.460206094458954,1.1016314948651953e-306
Phenotype_E,-501.36089341283997,0.0
